id,view,Expression,Numpy,Math,theta,size,loss_train,loss_val,loss_test,maxloss,R2_train,R2_val,R2_test,dl_train,dl_val,dl_test
0,0,1627.8591773376825,"t[0]","$$\theta_{0}$$",1627.8591773376825,1,133842.13064088905,154692.70682554427,77202.88132539716,154692.70682554427,8.881784197001252e-16,-3.3544257048554016e-2,-9.158187459161748e-3,44108.663107959896,47359.865503170186,17194.11374647931
1,0,(570.0171078230857 / x3),"(t[0] / x[:, 3])","$$\frac{\theta_{0}}{x_{3}}$$",570.0171078230857,3,35334.99290548236,38004.41186147135,38217.69880376919,38004.41186147135,0.7359949909921157,0.7460821364627804,0.5004369915791678,23033.714194860768,23861.04757253128,12213.552284483663
2,0,(-1175.2349452978478 - (-971.070569304036 / x3)),"(t[0] - (t[1] / x[:, 3]))","$$\left(\theta_{0} - \frac{\theta_{1}}{x_{3}}\right)$$",-1175.2349452978478;-971.070569304036,5,14705.772675001506,14004.641287157277,22570.38375109165,14004.641287157277,0.8901259819715628,0.9064311636185274,0.7049710170724358,15112.042614004638,14763.689165501777,9476.307586295052
3,0,(-245.7370641487034 + ((733.5893882052825 - x0) / x3)),"(t[0] + ((t[1] - x[:, 0]) / x[:, 3]))","$$\left(\theta_{0} + \frac{\left(\theta_{1} - x_{0}\right)}{x_{3}}\right)$$",-245.7370641487034;733.5893882052825,7,4260.621694072769,4588.049663852879,22273.108659240825,4588.049663852879,0.9681668120966752,0.9693459861266992,0.7088568512242014,8433.727672988627,8728.73407538371,9421.706414819488
4,0,(((1076.3487437831584 / x3) + (-5276.446147668626 / x1)) + 1261.3156797352854),"(((t[0] / x[:, 3]) + (t[1] / x[:, 1])) + t[2])","$$\left(\left(\frac{\theta_{0}}{x_{3}} + \frac{\theta_{1}}{x_{1}}\right) + \theta_{2}\right)$$",1076.3487437831584;-5276.446147668626;1261.3156797352854,9,4301.91393377674,4417.982683897001,9628.570980007118,4417.982683897001,0.9678582975840457,0.9704822501048401,0.8741400441124549,8475.7450820884,8581.085566723434,6320.426013752134
5,0,((Sqrt(x0) * -9.008669762962166) + ((676.3177403057742 - x0) / x3)),"((np.sqrt(x[:, 0]) * t[0]) + ((t[1] - x[:, 0]) / x[:, 3]))","$$\left(\left(\operatorname{sqrt}(x_{0}) \cdot \theta_{0}\right) + \frac{\left(\theta_{1} - x_{0}\right)}{x_{3}}\right)$$",-9.008669762962166;676.3177403057742,10,3884.437681931782,4062.0089554843794,22955.423277093534,4062.0089554843794,0.9709774667861939,0.9728606078840207,0.6999379692963761,8088.452786473632,8257.398719681903,9567.568699335285
6,0,((1239.9168461458526 + (-4335.939242157701 / x1)) - ((-945.5168537755844 / x3) + x0)),"((t[0] + (t[1] / x[:, 1])) - ((t[2] / x[:, 3]) + x[:, 0]))","$$\left(\left(\theta_{0} + \frac{\theta_{1}}{x_{1}}\right) - \left(\frac{\theta_{2}}{x_{3}} + x_{0}\right)\right)$$",1239.9168461458526;-4335.939242157701;-945.5168537755844,11,2731.865256296142,2991.0295691239057,8330.393982727941,2991.0295691239057,0.9795888989273043,0.9800161138991722,0.8911091769101509,6883.060571282575,7174.4835960792925,5909.974620498239
7,0,(((x1 * (394.69365924074157 / x3)) + (Sqrt(x0) * -37.24145836936194)) + -232.205767062775),"(((x[:, 1] * (t[0] / x[:, 3])) + (np.sqrt(x[:, 0]) * t[1])) + t[2])","$$\left(\left(\left(x_{1} \cdot \frac{\theta_{0}}{x_{3}}\right) + \left(\operatorname{sqrt}(x_{0}) \cdot \theta_{1}\right)\right) + \theta_{2}\right)$$",394.69365924074157;-37.24145836936194;-232.205767062775,12,2391.603750172825,2910.507958631893,5312.377479958747,2910.507958631893,0.9821311590100898,0.980554100788148,0.930559207937095,6481.685194149648,7088.914909515392,4792.177084474213
8,0,((((789.8290795249192 / x3) + 1324.1436559965189) + (-3189.012460905419 / x1)) + (Sqrt(x0) * -35.760331334862364)),"((((t[0] / x[:, 3]) + t[1]) + (t[2] / x[:, 1])) + (np.sqrt(x[:, 0]) * t[3]))","$$\left(\left(\left(\frac{\theta_{0}}{x_{3}} + \theta_{1}\right) + \frac{\theta_{2}}{x_{1}}\right) + \left(\operatorname{sqrt}(x_{0}) \cdot \theta_{3}\right)\right)$$",789.8290795249192;1324.1436559965189;-3189.012460905419;-35.760331334862364,14,1529.623138210158,1919.3018671022448,7213.735715515354,1919.3018671022448,0.9885714376266598,0.9871766196157961,0.9057055859250154,5305.449675056102,5873.675142527028,5533.580548514057
9,0,(((785.0309143683332 / x3) + (1296.3346494588843 + (Sqrt(x0) * -37.436187369782196))) + ((-3076.7359553892256 / x1) - x3)),"(((t[0] / x[:, 3]) + (t[1] + (np.sqrt(x[:, 0]) * t[2]))) + ((t[3] / x[:, 1]) - x[:, 3]))","$$\left(\left(\frac{\theta_{0}}{x_{3}} + \left(\theta_{1} + \left(\operatorname{sqrt}(x_{0}) \cdot \theta_{2}\right)\right)\right) + \left(\frac{\theta_{3}}{x_{1}} - x_{3}\right)\right)$$",785.0309143683332;1296.3346494588843;-37.436187369782196;-3076.7359553892256,16,1548.6227999085183,1842.017499104652,7678.9020363112995,1842.017499104652,0.9884294818642448,0.9876929776028188,0.8996251599991626,5340.810490951538,5772.085912079285,5703.93305191696
10,0,((x1 * ((((490.47508359844846 / x3) * Sin(x2)) + (Sqrt(x0) * 25.994002662328388)) * Sin(x2))) + -35.61587911960335),"((x[:, 1] * ((((t[0] / x[:, 3]) * np.sin(x[:, 2])) + (np.sqrt(x[:, 0]) * t[1])) * np.sin(x[:, 2]))) + t[2])","$$\left(\left(x_{1} \cdot \left(\left(\left(\frac{\theta_{0}}{x_{3}} \cdot \operatorname{sin}(x_{2})\right) + \left(\operatorname{sqrt}(x_{0}) \cdot \theta_{1}\right)\right) \cdot \operatorname{sin}(x_{2})\right)\right) + \theta_{2}\right)$$",490.47508359844846;25.994002662328388;-35.61587911960335,18,1428.6516438993626,1650.028941428725,6106.010642291059,1650.028941428725,0.9893258450305714,0.9889757056336158,0.9201852246108627,5156.497559303516,5498.297556010617,5129.501922027174
11,0,((((x1 * 944.522815750686) + (Sqrt(x0) * -37.237202547605925)) + (((x1 + -909.6381356830253) / x3) * Sin(x2))) + -2134.3009586893613),"((((x[:, 1] * t[0]) + (np.sqrt(x[:, 0]) * t[1])) + (((x[:, 1] + t[2]) / x[:, 3]) * np.sin(x[:, 2]))) + t[3])","$$\left(\left(\left(\left(x_{1} \cdot \theta_{0}\right) + \left(\operatorname{sqrt}(x_{0}) \cdot \theta_{1}\right)\right) + \left(\frac{\left(x_{1} + \theta_{2}\right)}{x_{3}} \cdot \operatorname{sin}(x_{2})\right)\right) + \theta_{3}\right)$$",944.522815750686;-37.237202547605925;-909.6381356830253;-2134.3009586893613,19,1257.8303515354723,1479.3242666028598,5489.232068695324,1479.3242666028598,0.9906021344287297,0.9901162302254868,0.9282474515214114,4878.259299723983,5241.559523884408,4886.554874806637
12,0,(((x1 * (((Sin(x2) * 1592.177126840866) + (Sqrt(x0) * 24.966030478234234)) * Sin(x2))) + (736.9410951037634 / x3)) + -2436.9652185455493),"(((x[:, 1] * (((np.sin(x[:, 2]) * t[0]) + (np.sqrt(x[:, 0]) * t[1])) * np.sin(x[:, 2]))) + (t[2] / x[:, 3])) + t[3])","$$\left(\left(\left(x_{1} \cdot \left(\left(\left(\operatorname{sin}(x_{2}) \cdot \theta_{0}\right) + \left(\operatorname{sqrt}(x_{0}) \cdot \theta_{1}\right)\right) \cdot \operatorname{sin}(x_{2})\right)\right) + \frac{\theta_{2}}{x_{3}}\right) + \theta_{3}\right)$$",1592.177126840866;24.966030478234234;736.9410951037634;-2436.9652185455493,20,1146.4890269243963,1359.8910624032967,4433.792852035632,1359.8910624032967,0.9914340199051334,0.9909141961078769,0.9420436351426985,4685.474741035029,5051.729831083942,4430.350541648869
13,0,((((x1 * ((-392.37422465268673 / x3) + 2223.1995735600763)) + (Sqrt(x0) * -36.48552454581856)) + ((-1801.3815952807313 / x3) * Sin(x2))) + -4664.181847885577),"((((x[:, 1] * ((t[0] / x[:, 3]) + t[1])) + (np.sqrt(x[:, 0]) * t[2])) + ((t[3] / x[:, 3]) * np.sin(x[:, 2]))) + t[4])","$$\left(\left(\left(\left(x_{1} \cdot \left(\frac{\theta_{0}}{x_{3}} + \theta_{1}\right)\right) + \left(\operatorname{sqrt}(x_{0}) \cdot \theta_{2}\right)\right) + \left(\frac{\theta_{3}}{x_{3}} \cdot \operatorname{sin}(x_{2})\right)\right) + \theta_{4}\right)$$",-392.37422465268673;2223.1995735600763;-36.48552454581856;-1801.3815952807313;-4664.181847885577,21,1029.213680898554,1173.2384999652297,3489.9609460168235,1173.2384999652297,0.9923102413569609,0.9921612728959819,0.9543809427559926,4473.686639912753,4737.757029352107,3974.96297023711
14,0,((((x1 - ((x3 + 1510.3263232710144) / x1)) - (Sin(x2) * 3164.217529542745)) / x3) - ((1257.475822030189 / x3) + ((Sqrt(x0) * 44.437814191995464) + Sqrt(x0)))),"((((x[:, 1] - ((x[:, 3] + t[0]) / x[:, 1])) - (np.sin(x[:, 2]) * t[1])) / x[:, 3]) - ((t[2] / x[:, 3]) + ((np.sqrt(x[:, 0]) * t[3]) + np.sqrt(x[:, 0]))))","$$\left(\frac{\left(\left(x_{1} - \frac{\left(x_{3} + \theta_{0}\right)}{x_{1}}\right) - \left(\operatorname{sin}(x_{2}) \cdot \theta_{1}\right)\right)}{x_{3}} - \left(\frac{\theta_{2}}{x_{3}} + \left(\left(\operatorname{sqrt}(x_{0}) \cdot \theta_{3}\right) + \operatorname{sqrt}(x_{0})\right)\right)\right)$$",1510.3263232710144;3164.217529542745;1257.475822030189;44.437814191995464,26,1032.0089870483416,1098.2691994244988,2543.6848984797557,1098.2691994244988,0.9922893562579536,0.9926621632845392,0.9667501989880704,4490.725771249021,4614.2621660487375,3456.671654414697
15,0,((((x1 - ((Sin(x2) + 1479.3084050769787) / x1)) - (Sin(x2) * 3067.896840580168)) / x3) - ((1188.2070800913045 / x3) + ((Sqrt(x0) * 45.27737830740703) + Sqrt(x0)))),"((((x[:, 1] - ((np.sin(x[:, 2]) + t[0]) / x[:, 1])) - (np.sin(x[:, 2]) * t[1])) / x[:, 3]) - ((t[2] / x[:, 3]) + ((np.sqrt(x[:, 0]) * t[3]) + np.sqrt(x[:, 0]))))","$$\left(\frac{\left(\left(x_{1} - \frac{\left(\operatorname{sin}(x_{2}) + \theta_{0}\right)}{x_{1}}\right) - \left(\operatorname{sin}(x_{2}) \cdot \theta_{1}\right)\right)}{x_{3}} - \left(\frac{\theta_{2}}{x_{3}} + \left(\left(\operatorname{sqrt}(x_{0}) \cdot \theta_{3}\right) + \operatorname{sqrt}(x_{0})\right)\right)\right)$$",1479.3084050769787;3067.896840580168;1188.2070800913045;45.27737830740703,27,1045.4075048990505,1061.7105783162745,2612.3046284193047,1061.7105783162745,0.9921892493798984,0.9929064214248704,0.965853235544467,4518.426296721192,4548.9898844455865,3500.5892786488757
16,0,(((((x2 * (((((-48.59511109694444 / x3) + -141.5887563159326) * x2) + (Sqrt(x0) * 11.690271469974704)) * Sin(x2))) + (x1 - (4428.569263171324 / x1))) + x1) + x2) - Sin(x2)),"(((((x[:, 2] * (((((t[0] / x[:, 3]) + t[1]) * x[:, 2]) + (np.sqrt(x[:, 0]) * t[2])) * np.sin(x[:, 2]))) + (x[:, 1] - (t[3] / x[:, 1]))) + x[:, 1]) + x[:, 2]) - np.sin(x[:, 2]))","$$\left(\left(\left(\left(\left(x_{2} \cdot \left(\left(\left(\left(\frac{\theta_{0}}{x_{3}} + \theta_{1}\right) \cdot x_{2}\right) + \left(\operatorname{sqrt}(x_{0}) \cdot \theta_{2}\right)\right) \cdot \operatorname{sin}(x_{2})\right)\right) + \left(x_{1} - \frac{\theta_{3}}{x_{1}}\right)\right) + x_{1}\right) + x_{2}\right) - \operatorname{sin}(x_{2})\right)$$",-48.59511109694444;-141.5887563159326;11.690271469974704;4428.569263171324,30,910.7848618428573,990.9542542661172,2364.391816017532,990.9542542661172,0.9931950809697839,0.9933791637659453,0.9690938301973634,4263.228203339925,4421.71496132279,3355.0020925319523
17,0,(((((x2 * (((((222.39915348795859 / x3) + 775.8413105601909) * Sin(x2)) + (Sqrt(x0) * 12.922822810258447)) * Sin(x2))) + (x1 - (4692.2334572732725 / x1))) + x1) + x2) - Sin(x2)),"(((((x[:, 2] * (((((t[0] / x[:, 3]) + t[1]) * np.sin(x[:, 2])) + (np.sqrt(x[:, 0]) * t[2])) * np.sin(x[:, 2]))) + (x[:, 1] - (t[3] / x[:, 1]))) + x[:, 1]) + x[:, 2]) - np.sin(x[:, 2]))","$$\left(\left(\left(\left(\left(x_{2} \cdot \left(\left(\left(\left(\frac{\theta_{0}}{x_{3}} + \theta_{1}\right) \cdot \operatorname{sin}(x_{2})\right) + \left(\operatorname{sqrt}(x_{0}) \cdot \theta_{2}\right)\right) \cdot \operatorname{sin}(x_{2})\right)\right) + \left(x_{1} - \frac{\theta_{3}}{x_{1}}\right)\right) + x_{1}\right) + x_{2}\right) - \operatorname{sin}(x_{2})\right)$$",222.39915348795859;775.8413105601909;12.922822810258447;4692.2334572732725,31,957.8718938397745,983.076850436596,1557.1937860631663,983.076850436596,0.9928432707305757,0.993431794854091,0.9796451268179648,4359.54463588001,4408.840252345536,2792.653779994514
18,0,((((x1 * ((((x3 + 1675.5572391792366) * Sin(x2)) + x2) * Sin(x2))) + (Sqrt(x0) * -38.782866621575565)) + (((x2 ^ x2) / x3) + -2160.9618699449707)) - ((-62.961477599548154 / x3) / x3)),"((((x[:, 1] * ((((x[:, 3] + t[0]) * np.sin(x[:, 2])) + x[:, 2]) * np.sin(x[:, 2]))) + (np.sqrt(x[:, 0]) * t[1])) + ((x[:, 2] ** x[:, 2] / x[:, 3]) + t[2])) - ((t[3] / x[:, 3]) / x[:, 3]))","$$\left(\left(\left(\left(x_{1} \cdot \left(\left(\left(\left(x_{3} + \theta_{0}\right) \cdot \operatorname{sin}(x_{2})\right) + x_{2}\right) \cdot \operatorname{sin}(x_{2})\right)\right) + \left(\operatorname{sqrt}(x_{0}) \cdot \theta_{1}\right)\right) + \left(\frac{{x_{2}^{x_{2}}}}{x_{3}} + \theta_{2}\right)\right) - \frac{\frac{\theta_{3}}{x_{3}}}{x_{3}}\right)$$",1675.5572391792366;-38.782866621575565;-2160.9618699449707;-62.961477599548154,32,1001.4602466781914,966.1816194491719,1779.9072187791078,946.8215751788307,0.9925176008340363,0.9935446765103559,0.9767339260930187,4449.566945404573,4381.052079709324,2966.219244649072
19,0,((Sqrt(x0) * -38.20076155644028) - (((((x4 * (Sin(x2) * 556.1909585112681)) + 630.861429080194) / x3) + 1731.5177019479102) + (x2 + ((((x3 + ((x1 + (x1 * -1146.5752980080847)) + x1)) + Sin(x2)) + (x0 / Sqrt(x0))) + (631.5336404333982 / x3))))),"((np.sqrt(x[:, 0]) * t[0]) - (((((x[:, 4] * (np.sin(x[:, 2]) * t[1])) + t[2]) / x[:, 3]) + t[3]) + (x[:, 2] + ((((x[:, 3] + ((x[:, 1] + (x[:, 1] * t[4])) + x[:, 1])) + np.sin(x[:, 2])) + (x[:, 0] / np.sqrt(x[:, 0]))) + (t[5] / x[:, 3])))))","$$\left(\left(\operatorname{sqrt}(x_{0}) \cdot \theta_{0}\right) - \left(\left(\frac{\left(\left(x_{4} \cdot \left(\operatorname{sin}(x_{2}) \cdot \theta_{1}\right)\right) + \theta_{2}\right)}{x_{3}} + \theta_{3}\right) + \left(x_{2} + \left(\left(\left(\left(x_{3} + \left(\left(x_{1} + \left(x_{1} \cdot \theta_{4}\right)\right) + x_{1}\right)\right) + \operatorname{sin}(x_{2})\right) + \frac{x_{0}}{\operatorname{sqrt}(x_{0})}\right) + \frac{\theta_{5}}{x_{3}}\right)\right)\right)\right)$$",-38.20076155644028;556.1909585112681;630.861429080194;1731.5177019479102;-1146.5752980080847;631.5336404333982,41,869.9098359134092,910.9549930175575,1863.9208087834718,910.9549930175575,0.9935004782743077,0.9939136606968498,0.9756357416631734,4214.095506011169,4298.020288664348,3053.4571439398087
